Workbook

Sheet Titelblad
C4: [ Plaats hier je logo ]
B13: GELDPLANNER
B14: Grip op je geld — cashflow, pensioen en vermogensopbouw in één overzicht
B18: Welkom bij Geldplanner. Deze werkmap geeft je in een paar minuten overzicht over je maandelijkse cashflow, je pensioengat en de groei van je vermogen — met heldere, aanpasbare formules in plaats van een kant-en-klaar zwart doosje. Vul de gele cellen op de tabbladen in; het Dashboard werkt automatisch bij.
B23: WAT ZIT ERIN?
C24: ◆ Dashboard — je financiële situatie in één oogopslag
C25: ◆ Cashflow Overzicht — inkomsten, lasten en je maandelijkse overschot
C26: ◆ Pensioengat Calculator — wat je AOW en pensioen missen, en wat je daarvoor opzij zet
C27: ◆ Vermogensgroei — de projectie van je spaargeld en beleggingen
B29: → Ga naar het tabblad 'Dashboard' om te beginnen
B31: Geldplanner · Versie 1.0 · Deze tool is uitsluitend bedoeld voor informatieve doeleinden en biedt geen financieel advies. Zie het tabblad 'Instructies' voor de volledige toelichting.

Sheet Dashboard
B2: Dashboard
B3: Jouw financiële situatie in één oogopslag — werkt automatisch bij zodra je de andere tabbladen invult
B6: € MAANDELIJKS OVERSCHOT / TEKORT | E6: % SPAARQUOTE
B7: ='Cashflow Overzicht'!C40 | E7: =IF('Cashflow Overzicht'!C41="","–",'Cashflow Overzicht'!C41)
B10: =IF('Cashflow Overzicht'!C40>=0,"✓ Je houdt geld over","⚠ Je geeft meer uit dan je binnenkrijgt") | E10: =IF('Cashflow Overzicht'!C41="","Nog geen data",IF('Cashflow Overzicht'!C41>=0.1,"✓ Gezonde spaarquote",IF('Cashflow Overzicht'!C41>=0,"⚠ Kan beter","✕ Tekort")))
B13: ◆ PENSIOENGAT | E13: =CONCATENATE("↗ VERWACHT VERMOGEN OVER ",'Vermogensgroei'!C14," JAAR")
B14: ='Pensioengat Calculator'!C33 | E14: ='Vermogensgroei'!C23
B17: =IF('Pensioengat Calculator'!C33<=0,"✓ Op koers","⚠ Actie nodig") | E17: =CONCATENATE("Koopkracht van nu: € ",TEXT('Vermogensgroei'!C26,"#,##0"))
B21: ◆ AAN DE SLAG
B22: 1 Vul je cijfers in op 'Cashflow Overzicht', 'Pensioengat Calculator' en 'Vermogensgroei'.
B23: 2 Kom terug naar dit Dashboard — de kaarten hierboven werken automatisch bij.
B24: 3 Je maandelijkse overschot loopt automatisch door als voorstel voor je inleg bij pensioen en vermogen; dit kun je op elk tabblad overschrijven.
B25: 4 Twijfel je over de kleurcodering of de formules? Kijk op het tabblad 'Instructies'.
B27: Deze tool is uitsluitend bedoeld voor informatieve doeleinden en biedt geen financieel advies.

Sheet Instructies
B2: Geldplanner
B3: Persoonlijk financieel overzicht voor Nederlandse huishoudens
B5: Welkom
B6: Deze werkmap helpt je in kaart te brengen wat er maandelijks binnenkomt en weggaat, hoe groot je
B7: pensioengat is en hoe je vermogen groeit. Het Dashboard geeft een direct overzicht van je situatie.
B8: Vul alleen de gele cellen in. De grijze, blauwe en goudkleurige cellen bevatten formules en zijn vergrendeld.
B10: ◆ DE TABBLADEN
B11: Tabblad | C11: Wat doe je hier?
B12: 1. Titelblad | C12: Voorblad met een plek voor je eigen logo, de productnaam en een korte introductie.
B13: 2. Dashboard | C13: Vier KPI-kaarten die automatisch bijwerken vanuit de andere tabbladen: je maandelijkse overschot, je spaarquote, de status van je pensioengat en je verwachte vermogen.
B14: 3. Instructies | C14: Deze pagina: uitleg, kleurcodering en de disclaimer.
B15: 4. Cashflow Overzicht | C15: Vul je maandelijkse inkomsten, vaste lasten en variabele kosten in. Je ziet direct je totale inkomsten, totale uitgaven, het maandelijkse overschot of tekort en je spaarquote.
B16: 5. Pensioengat Calculator | C16: Vul je leeftijd, gewenste pensioenleeftijd, gewenst pensioeninkomen, opgebouwd pensioenvermogen en verwachte AOW in. Je maandelijkse overschot uit 'Cashflow Overzicht' loopt automatisch door als voorstel voor je pensioeninleg; je kunt dit overschrijven.
B17: 6. Vermogensgroei | C17: Vul je startkapitaal, verwacht rendement en looptijd in. Ook hier loopt je overschot uit 'Cashflow Overzicht' automatisch door als voorstel voor je maandelijkse inleg. Je ziet de geprojecteerde waarde per jaar plus een grafiek van de groei.
B19: ◆ KLEURCODERING
B20: Invoercel (geel) | C20: Hier vul je zelf iets in. Alleen deze cellen zijn bewerkbaar.
B21: Berekende cel (grijs) | C21: Bevat een formule. Vergrendeld zodat je niet per ongeluk een berekening overschrijft.
B22: Sectieresultaat (blauw) | C22: Het eindresultaat van een sectie. Ook vergrendeld.
B23: Hoofduitkomst (goud, groot) | C23: De belangrijkste cijfer van het hele tabblad, bijvoorbeeld je pensioengat.
B25: Op het Dashboard betekent een groene badge dat je situatie gezond is, oranje dat er een aandachtspunt is en rood dat directe actie nodig is.
B27: ◆ ZO GEBRUIK JE DE WERKMAP
B28: 1. Begin bij 'Cashflow Overzicht' en vul je maandbudget in. Alles wat niet van toepassing is laat je op 0 staan.
B29: 2. Bekijk het 'Dashboard' voor een overzicht van je situatie.
B30: 3. Ga naar 'Pensioengat Calculator' en 'Vermogensgroei'. Je maandelijkse overschot uit stap 1 loopt daar automatisch door als voorstel voor je inleg — kies 'Nee' bij de koppeling om je eigen bedrag te gebruiken.
B31: 4. De bladen zijn beveiligd zonder wachtwoord. Wil je formules aanpassen? Controleren > Blad-beveiliging opheffen.
B32: 5. Bedragen staan in euro's. Op een Nederlandse Excel-installatie verschijnen ze als € 1.234,56.
B34: ◆ BELANGRIJK — DISCLAIMER
B35: Deze tool is uitsluitend bedoeld voor informatieve doeleinden en biedt geen financieel advies. Rendementen uit het verleden bieden geen garantie voor de toekomst; beleggen brengt risico's met zich mee en je kunt je inleg verliezen. De berekeningen zijn schattingen op basis van de aannames die je zelf invult. Raadpleeg voor persoonlijk advies een financieel adviseur.

Sheet Cashflow Overzicht
B2: Cashflow Overzicht
B3: Wat komt er maandelijks binnen en wat gaat eruit?
B5: ◆ INKOMSTEN PER MAAND
B6: Nettosalaris persoon 1 | C6: 3600 | D6: Bedrag dat op je rekening staat
B7: Nettosalaris persoon 2 | C7: 0 | D7: Laat op 0 staan als je alleenstaand bent
B8: Freelance-inkomsten (netto) | C8: 0 | D8: Netto bedrag, na belasting
B9: Toeslagen (huur-, zorg-, kinderopvang) | C9: 0
B10: Huurinkomsten / alimentatie | C10: 0
B11: Overige inkomsten | C11: 0
B12: Totale inkomsten | C12: =SUM(C6:C11)
B14: ◆ VASTE LASTEN PER MAAND
B15: Huur of hypotheek | C15: 1250
B16: Energie, water en warmte | C16: 180
B17: Zorgverzekering | C17: 290 | D17: Beide partners samen
B18: Overige verzekeringen | C18: 65 | D18: Inboedel, aansprakelijkheid, opstal, ORV
B19: Gemeentelijke belastingen en waterschap | C19: 60 | D19: Jaarbedrag gedeeld door 12
B20: Internet, tv en telefoon | C20: 70
B21: Abonnementen en lidmaatschappen | C21: 45 | D21: Streaming, sportschool, kranten
B22: Aflossing leningen en studieschuld | C22: 0
B23: Kinderopvang / school | C23: 0
B24: Overige vaste lasten | C24: 0
B25: Totaal vaste lasten | C25: =SUM(C15:C24)
B27: ◆ VARIABELE KOSTEN PER MAAND
B28: Boodschappen | C28: 550
B29: Vervoer (brandstof, OV, onderhoud) | C29: 200
B30: Vrije tijd, uitgaan en horeca | C30: 200
B31: Kleding en persoonlijke verzorging | C31: 100
B32: Zorgkosten (eigen risico, tandarts) | C32: 40
B33: Vakantie (gereserveerd per maand) | C33: 150
B34: Cadeaus, goede doelen en overig | C34: 75
B35: Totaal variabele kosten | C35: =SUM(C28:C34)
B37: ◆ RESULTAAT
B38: Totale inkomsten | C38: =C12
B39: Totale uitgaven | C39: =C25+C35
B40: Maandelijks overschot / tekort | C40: =C38-C39 | D40: Positief = je houdt over. Negatief = je komt tekort.
B41: Spaarquote | C41: =IF(C38=0,"",C40/C38) | D41: Deel van je inkomen dat je overhoudt
B42: Overschot / tekort per jaar | C42: =C40*12
B43: Vaste lasten als deel van inkomen | C43: =IF(C38=0,"",C25/C38) | D43: Vuistregel: houd dit onder 50%
B44: Buffer: hoeveel maanden uitgaven heb je? | C44: =IF(C25+C35=0,"",C46/(C25+C35)) | D44: Vuistregel: drie tot zes maanden
B46: Huidig spaargeld (buffer) | C46: 5000 | D46: Wordt gebruikt voor de bufferberekening hierboven
B49: Grafiekgegevens | C49: Bedrag per maand
B50: Inkomsten | C50: =C38
B51: Vaste lasten | C51: =C25
B52: Variabele kosten | C52: =C35
B53: Totale uitgaven | C53: =C39
B55: Deze tool is uitsluitend bedoeld voor informatieve doeleinden en biedt geen financieel advies.

Sheet Pensioengat Calculator
B2: Pensioengat Calculator
B3: Hoeveel moet je maandelijks opzijzetten voor het pensioen dat je wilt?
B5: ◆ JOUW SITUATIE
B6: Huidige leeftijd | C6: 38
B7: Gewenste pensioenleeftijd | C7: 67 | D7: De AOW-leeftijd is nu 67 jaar en beweegt mee met de levensverwachting
B8: Gewenst pensioeninkomen per maand | C8: 3500 | D8: In euro's van vandaag, netto besteedbaar
B9: Verwachte AOW per maand | C9: 1500 | D9: Ca. € 1.050 alleenstaand, ca. € 750 p.p. samenwonend (netto, 2025)
B10: Verwacht werkgeverspensioen per maand | C10: 700 | D10: Zie mijnpensioenoverzicht.nl
B11: Huidig opgebouwd pensioenvermogen | C11: 30000 | D11: Lijfrente, banksparen, beleggingen bestemd voor pensioen
B13: ◆ KOPPELING MET CASHFLOW OVERZICHT
B14: Voorstel: maandelijks overschot uit Cashflow Overzicht | C14: ='Cashflow Overzicht'!C40 | D14: Wordt automatisch bijgewerkt zodra je dat tabblad invult
B15: Gebruik dit voorstel als je huidige pensioeninleg? | C15: Ja | D15: Kies 'Nee' om je eigen bedrag hieronder te gebruiken
B16: Eigen invoer (alleen gebruikt bij 'Nee') | C16: 150 | D16: Vul hier je eigen maandelijkse pensioeninleg in
B17: Wat leg je nu al maandelijks in? | C17: =IF(C15="Ja",C14,C16) | D17: Gebruikt in de berekening hieronder
B19: ◆ AANNAMES
B20: Verwacht rendement vóór pensioen (per jaar) | C20: 0.05 | D20: Historisch wereldwijd aandelenrendement ligt rond 6-7% nominaal
B21: Verwacht rendement tijdens pensioen (per jaar) | C21: 0.03 | D21: Meestal lager: je bouwt risico af
B22: Verwachte inflatie (per jaar) | C22: 0.02 | D22: Doelstelling van de ECB is 2%
B23: Aantal jaren dat je pensioen moet duren | C23: 25 | D23: Levensverwachting bij 67 is ruim 18 jaar; 25 is voorzichtig
B25: ◆ HET PENSIOENGAT
B26: Jaren tot je pensioen | C26: =MAX(0,C7-C6)
B27: Maandelijks tekort in euro's van vandaag | C27: =MAX(0,C8-C9-C10) | D27: Gewenst inkomen minus AOW en werkgeverspensioen
B28: Maandelijks tekort bij pensionering | C28: =C27*(1+C22)^C26 | D28: Hetzelfde tekort, gecorrigeerd voor inflatie
B29: Reëel rendement tijdens pensioen | C29: =(1+C21)/(1+C22)-1 | D29: Rendement minus inflatie; houdt je uitkering koopkrachtvast
B30: Benodigd pensioenkapitaal bij pensionering | C30: =IF(ABS(C29)<0.0001,C28*12*C23,C28*12*(1-(1+C29)^(-C23))/C29) | D30: Contante waarde van het tekort over de hele pensioenperiode
B31: Waarde van je huidige vermogen bij pensionering | C31: =C11*(1+C20)^C26 | D31: Je opgebouwde vermogen groeit door tot je pensioendatum
B32: Waarde van je huidige maandinleg bij pensionering | C32: =IF(OR(C26=0,C20=0),C17*12*C26,C17*(((1+(1+C20)^(1/12)-1)^(C26*12)-1)/((1+C20)^(1/12)-1))) | D32: Wat je huidige inleg oplevert als je die volhoudt
B33: PENSIOENGAT (tekort aan kapitaal) | C33: =MAX(0,C30-C31-C32) | D33: Nul betekent: je ligt op koers
B35: ◆ WAT MOET JE DOEN?
B36: Maandelijks rendement (samengesteld) | C36: =(1+C20)^(1/12)-1 | D36: Jaarrendement omgerekend naar maandbasis
B37: Extra maandelijks sparen of beleggen | C37: =IF(C26<=0,"",IF(C33<=0,0,IF(C36=0,C33/(C26*12),C33*C36/((1+C36)^(C26*12)-1)))) | D37: Bovenop wat je nu al inlegt
B38: Totale maandelijkse inleg vanaf nu | C38: =IF(C37="","",C17+C37) | D38: Je huidige inleg plus het extra bedrag
B39: Totaal dat je zelf inlegt tot pensioendatum | C39: =IF(C38="","",C38*12*C26) | D39: Zonder rendement, alleen je eigen geld
B40: Dekkingsgraad zonder extra inleg | C40: =IF(C30<=0,"",(C31+C32)/C30) | D40: 100% = je huidige plan is toereikend
B42: Hoe deze berekening werkt
B43: • Je maandelijkse inleg is gekoppeld aan je overschot in 'Cashflow Overzicht'; kies 'Nee' bij de koppeling hierboven om je eigen bedrag te gebruiken.
B44: • Je gewenste inkomen wordt met de inflatie opgehoogd naar je pensioendatum.
B45: • Het benodigde kapitaal is de contante waarde van je maandelijkse tekort over de hele pensioenperiode,
B46: verdisconteerd tegen het reële rendement, zodat je uitkering koopkrachtvast blijft.
B47: • De benodigde inleg volgt uit de standaardformule voor samengestelde rente met periodieke stortingen.
B48: • Belastingvoordeel op lijfrente-inleg (jaarruimte) is niet meegerekend; in de praktijk kan de netto inleg lager uitvallen.
B50: Deze tool is uitsluitend bedoeld voor informatieve doeleinden en biedt geen financieel advies. Uitkomsten zijn schattingen op basis van je eigen aannames.

Sheet Vermogensgroei
B2: Vermogensgroei
B3: Projectie van je vermogen met samengestelde rente
B5: ◆ KOPPELING MET CASHFLOW OVERZICHT
B6: Voorstel: maandelijks overschot uit Cashflow Overzicht | C6: ='Cashflow Overzicht'!C40 | D6: Wordt automatisch bijgewerkt zodra je dat tabblad invult
B7: Gebruik dit voorstel als maandelijkse inleg? | C7: Ja | D7: Kies 'Nee' om je eigen bedrag hieronder te gebruiken
B8: Eigen invoer (alleen gebruikt bij 'Nee') | C8: 500 | D8: Vul hier je eigen maandelijkse inleg in
B10: ◆ JOUW INVOER
B11: Huidig spaargeld en beleggingen | C11: 25000 | D11: Je startkapitaal
B12: Maandelijkse inleg (gebruikt in de projectie) | C12: =IF(C7="Ja",C6,C8) | D12: Volgt automatisch uit de koppeling hierboven
B13: Verwacht rendement per jaar | C13: 0.06 | D13: Spaarrekening ca. 1,5-2%, wereldwijd aandelenfonds historisch ca. 7%
B14: Aantal jaren | C14: 25 | D14: Maximaal 40 jaar
B15: Verwachte inflatie per jaar | C15: 0.02 | D15: Voor de koopkracht-kolom in de tabel
B16: Beleggingskosten per jaar | C16: 0.0035 | D16: Fondskosten plus servicekosten van je broker
B18: ◆ AFGELEIDE WAARDEN
B19: Netto rendement na kosten | C19: =C13-C16 | D19: Wordt in de projectie gebruikt
B20: Maandelijks rendement (samengesteld) | C20: =(1+C19)^(1/12)-1
B22: ◆ RESULTAAT NA DE GEKOZEN LOOPTIJD
B23: Geprojecteerde eindwaarde | C23: =INDEX(J30:J70,C14+1)
B24: Totaal zelf ingelegd | C24: =INDEX(K30:K70,C14+1)
B25: Waarvan rendement | C25: =C23-C24 | D25: Het deel dat je geld voor je heeft verdiend
B26: Eindwaarde in euro's van nu | C26: =INDEX(L30:L70,C14+1) | D26: Gecorrigeerd voor inflatie: dit is je koopkracht
F29: Jaar | G29: Beginwaarde | H29: Inleg dit jaar | I29: Rendement | J29: Eindwaarde | K29: Totaal ingelegd | L29: Waarde in euro's van nu
F30: =IF(C$14>=0,0,NA()) | G30: =IF(C$14>=0,C$11,NA()) | H30: =IF(C$14>=0,0,NA()) | I30: =IF(C$14>=0,0,NA()) | J30: =IF(C$14>=0,C$11,NA()) | K30: =IF(C$14>=0,C$11,NA()) | L30: =IF(C$14>=0,J30/(1+C$15)^0,NA())
F31: =IF(C$14>=1,1,NA()) | G31: =IF(C$14>=1,J30,NA()) | H31: =IF(C$14>=1,C$12*12,NA()) | I31: =IF(C$14>=1,J31-G31-H31,NA()) | J31: =IF(C$14>=1,G31*(1+C$19)+IF(C$20=0,C$12*12,C$12*((1+C$20)^12-1)/C$20),NA()) | K31: =IF(C$14>=1,K30+H31,NA()) | L31: =IF(C$14>=1,J31/(1+C$15)^1,NA())
F32: =IF(C$14>=2,2,NA()) | G32: =IF(C$14>=2,J31,NA()) | H32: =IF(C$14>=2,C$12*12,NA()) | I32: =IF(C$14>=2,J32-G32-H32,NA()) | J32: =IF(C$14>=2,G32*(1+C$19)+IF(C$20=0,C$12*12,C$12*((1+C$20)^12-1)/C$20),NA()) | K32: =IF(C$14>=2,K31+H32,NA()) | L32: =IF(C$14>=2,J32/(1+C$15)^2,NA())
F33: =IF(C$14>=3,3,NA()) | G33: =IF(C$14>=3,J32,NA()) | H33: =IF(C$14>=3,C$12*12,NA()) | I33: =IF(C$14>=3,J33-G33-H33,NA()) | J33: =IF(C$14>=3,G33*(1+C$19)+IF(C$20=0,C$12*12,C$12*((1+C$20)^12-1)/C$20),NA()) | K33: =IF(C$14>=3,K32+H33,NA()) | L33: =IF(C$14>=3,J33/(1+C$15)^3,NA())
F34: =IF(C$14>=4,4,NA()) | G34: =IF(C$14>=4,J33,NA()) | H34: =IF(C$14>=4,C$12*12,NA()) | I34: =IF(C$14>=4,J34-G34-H34,NA()) | J34: =IF(C$14>=4,G34*(1+C$19)+IF(C$20=0,C$12*12,C$12*((1+C$20)^12-1)/C$20),NA()) | K34: =IF(C$14>=4,K33+H34,NA()) | L34: =IF(C$14>=4,J34/(1+C$15)^4,NA())
F35: =IF(C$14>=5,5,NA()) | G35: =IF(C$14>=5,J34,NA()) | H35: =IF(C$14>=5,C$12*12,NA()) | I35: =IF(C$14>=5,J35-G35-H35,NA()) | J35: =IF(C$14>=5,G35*(1+C$19)+IF(C$20=0,C$12*12,C$12*((1+C$20)^12-1)/C$20),NA()) | K35: =IF(C$14>=5,K34+H35,NA()) | L35: =IF(C$14>=5,J35/(1+C$15)^5,NA())
F36: =IF(C$14>=6,6,NA()) | G36: =IF(C$14>=6,J35,NA()) | H36: =IF(C$14>=6,C$12*12,NA()) | I36: =IF(C$14>=6,J36-G36-H36,NA()) | J36: =IF(C$14>=6,G36*(1+C$19)+IF(C$20=0,C$12*12,C$12*((1+C$20)^12-1)/C$20),NA()) | K36: =IF(C$14>=6,K35+H36,NA()) | L36: =IF(C$14>=6,J36/(1+C$15)^6,NA())
F37: =IF(C$14>=7,7,NA()) | G37: =IF(C$14>=7,J36,NA()) | H37: =IF(C$14>=7,C$12*12,NA()) | I37: =IF(C$14>=7,J37-G37-H37,NA()) | J37: =IF(C$14>=7,G37*(1+C$19)+IF(C$20=0,C$12*12,C$12*((1+C$20)^12-1)/C$20),NA()) | K37: =IF(C$14>=7,K36+H37,NA()) | L37: =IF(C$14>=7,J37/(1+C$15)^7,NA())
F38: =IF(C$14>=8,8,NA()) | G38: =IF(C$14>=8,J37,NA()) | H38: =IF(C$14>=8,C$12*12,NA()) | I38: =IF(C$14>=8,J38-G38-H38,NA()) | J38: =IF(C$14>=8,G38*(1+C$19)+IF(C$20=0,C$12*12,C$12*((1+C$20)^12-1)/C$20),NA()) | K38: =IF(C$14>=8,K37+H38,NA()) | L38: =IF(C$14>=8,J38/(1+C$15)^8,NA())
F39: =IF(C$14>=9,9,NA()) | G39: =IF(C$14>=9,J38,NA()) | H39: =IF(C$14>=9,C$12*12,NA()) | I39: =IF(C$14>=9,J39-G39-H39,NA()) | J39: =IF(C$14>=9,G39*(1+C$19)+IF(C$20=0,C$12*12,C$12*((1+C$20)^12-1)/C$20),NA()) | K39: =IF(C$14>=9,K38+H39,NA()) | L39: =IF(C$14>=9,J39/(1+C$15)^9,NA())
F40: =IF(C$14>=10,10,NA()) | G40: =IF(C$14>=10,J39,NA()) | H40: =IF(C$14>=10,C$12*12,NA()) | I40: =IF(C$14>=10,J40-G40-H40,NA()) | J40: =IF(C$14>=10,G40*(1+C$19)+IF(C$20=0,C$12*12,C$12*((1+C$20)^12-1)/C$20),NA()) | K40: =IF(C$14>=10,K39+H40,NA()) | L40: =IF(C$14>=10,J40/(1+C$15)^10,NA())
F41: =IF(C$14>=11,11,NA()) | G41: =IF(C$14>=11,J40,NA()) | H41: =IF(C$14>=11,C$12*12,NA()) | I41: =IF(C$14>=11,J41-G41-H41,NA()) | J41: =IF(C$14>=11,G41*(1+C$19)+IF(C$20=0,C$12*12,C$12*((1+C$20)^12-1)/C$20),NA()) | K41: =IF(C$14>=11,K40+H41,NA()) | L41: =IF(C$14>=11,J41/(1+C$15)^11,NA())
F42: =IF(C$14>=12,12,NA()) | G42: =IF(C$14>=12,J41,NA()) | H42: =IF(C$14>=12,C$12*12,NA()) | I42: =IF(C$14>=12,J42-G42-H42,NA()) | J42: =IF(C$14>=12,G42*(1+C$19)+IF(C$20=0,C$12*12,C$12*((1+C$20)^12-1)/C$20),NA()) | K42: =IF(C$14>=12,K41+H42,NA()) | L42: =IF(C$14>=12,J42/(1+C$15)^12,NA())
F43: =IF(C$14>=13,13,NA()) | G43: =IF(C$14>=13,J42,NA()) | H43: =IF(C$14>=13,C$12*12,NA()) | I43: =IF(C$14>=13,J43-G43-H43,NA()) | J43: =IF(C$14>=13,G43*(1+C$19)+IF(C$20=0,C$12*12,C$12*((1+C$20)^12-1)/C$20),NA()) | K43: =IF(C$14>=13,K42+H43,NA()) | L43: =IF(C$14>=13,J43/(1+C$15)^13,NA())
F44: =IF(C$14>=14,14,NA()) | G44: =IF(C$14>=14,J43,NA()) | H44: =IF(C$14>=14,C$12*12,NA()) | I44: =IF(C$14>=14,J44-G44-H44,NA()) | J44: =IF(C$14>=14,G44*(1+C$19)+IF(C$20=0,C$12*12,C$12*((1+C$20)^12-1)/C$20),NA()) | K44: =IF(C$14>=14,K43+H44,NA()) | L44: =IF(C$14>=14,J44/(1+C$15)^14,NA())
F45: =IF(C$14>=15,15,NA()) | G45: =IF(C$14>=15,J44,NA()) | H45: =IF(C$14>=15,C$12*12,NA()) | I45: =IF(C$14>=15,J45-G45-H45,NA()) | J45: =IF(C$14>=15,G45*(1+C$19)+IF(C$20=0,C$12*12,C$12*((1+C$20)^12-1)/C$20),NA()) | K45: =IF(C$14>=15,K44+H45,NA()) | L45: =IF(C$14>=15,J45/(1+C$15)^15,NA())
F46: =IF(C$14>=16,16,NA()) | G46: =IF(C$14>=16,J45,NA()) | H46: =IF(C$14>=16,C$12*12,NA()) | I46: =IF(C$14>=16,J46-G46-H46,NA()) | J46: =IF(C$14>=16,G46*(1+C$19)+IF(C$20=0,C$12*12,C$12*((1+C$20)^12-1)/C$20),NA()) | K46: =IF(C$14>=16,K45+H46,NA()) | L46: =IF(C$14>=16,J46/(1+C$15)^16,NA())
F47: =IF(C$14>=17,17,NA()) | G47: =IF(C$14>=17,J46,NA()) | H47: =IF(C$14>=17,C$12*12,NA()) | I47: =IF(C$14>=17,J47-G47-H47,NA()) | J47: =IF(C$14>=17,G47*(1+C$19)+IF(C$20=0,C$12*12,C$12*((1+C$20)^12-1)/C$20),NA()) | K47: =IF(C$14>=17,K46+H47,NA()) | L47: =IF(C$14>=17,J47/(1+C$15)^17,NA())
F48: =IF(C$14>=18,18,NA()) | G48: =IF(C$14>=18,J47,NA()) | H48: =IF(C$14>=18,C$12*12,NA()) | I48: =IF(C$14>=18,J48-G48-H48,NA()) | J48: =IF(C$14>=18,G48*(1+C$19)+IF(C$20=0,C$12*12,C$12*((1+C$20)^12-1)/C$20),NA()) | K48: =IF(C$14>=18,K47+H48,NA()) | L48: =IF(C$14>=18,J48/(1+C$15)^18,NA())
F49: =IF(C$14>=19,19,NA()) | G49: =IF(C$14>=19,J48,NA()) | H49: =IF(C$14>=19,C$12*12,NA()) | I49: =IF(C$14>=19,J49-G49-H49,NA()) | J49: =IF(C$14>=19,G49*(1+C$19)+IF(C$20=0,C$12*12,C$12*((1+C$20)^12-1)/C$20),NA()) | K49: =IF(C$14>=19,K48+H49,NA()) | L49: =IF(C$14>=19,J49/(1+C$15)^19,NA())
F50: =IF(C$14>=20,20,NA()) | G50: =IF(C$14>=20,J49,NA()) | H50: =IF(C$14>=20,C$12*12,NA()) | I50: =IF(C$14>=20,J50-G50-H50,NA()) | J50: =IF(C$14>=20,G50*(1+C$19)+IF(C$20=0,C$12*12,C$12*((1+C$20)^12-1)/C$20),NA()) | K50: =IF(C$14>=20,K49+H50,NA()) | L50: =IF(C$14>=20,J50/(1+C$15)^20,NA())
F51: =IF(C$14>=21,21,NA()) | G51: =IF(C$14>=21,J50,NA()) | H51: =IF(C$14>=21,C$12*12,NA()) | I51: =IF(C$14>=21,J51-G51-H51,NA()) | J51: =IF(C$14>=21,G51*(1+C$19)+IF(C$20=0,C$12*12,C$12*((1+C$20)^12-1)/C$20),NA()) | K51: =IF(C$14>=21,K50+H51,NA()) | L51: =IF(C$14>=21,J51/(1+C$15)^21,NA())
F52: =IF(C$14>=22,22,NA()) | G52: =IF(C$14>=22,J51,NA()) | H52: =IF(C$14>=22,C$12*12,NA()) | I52: =IF(C$14>=22,J52-G52-H52,NA()) | J52: =IF(C$14>=22,G52*(1+C$19)+IF(C$20=0,C$12*12,C$12*((1+C$20)^12-1)/C$20),NA()) | K52: =IF(C$14>=22,K51+H52,NA()) | L52: =IF(C$14>=22,J52/(1+C$15)^22,NA())
F53: =IF(C$14>=23,23,NA()) | G53: =IF(C$14>=23,J52,NA()) | H53: =IF(C$14>=23,C$12*12,NA()) | I53: =IF(C$14>=23,J53-G53-H53,NA()) | J53: =IF(C$14>=23,G53*(1+C$19)+IF(C$20=0,C$12*12,C$12*((1+C$20)^12-1)/C$20),NA()) | K53: =IF(C$14>=23,K52+H53,NA()) | L53: =IF(C$14>=23,J53/(1+C$15)^23,NA())
F54: =IF(C$14>=24,24,NA()) | G54: =IF(C$14>=24,J53,NA()) | H54: =IF(C$14>=24,C$12*12,NA()) | I54: =IF(C$14>=24,J54-G54-H54,NA()) | J54: =IF(C$14>=24,G54*(1+C$19)+IF(C$20=0,C$12*12,C$12*((1+C$20)^12-1)/C$20),NA()) | K54: =IF(C$14>=24,K53+H54,NA()) | L54: =IF(C$14>=24,J54/(1+C$15)^24,NA())
F55: =IF(C$14>=25,25,NA()) | G55: =IF(C$14>=25,J54,NA()) | H55: =IF(C$14>=25,C$12*12,NA()) | I55: =IF(C$14>=25,J55-G55-H55,NA()) | J55: =IF(C$14>=25,G55*(1+C$19)+IF(C$20=0,C$12*12,C$12*((1+C$20)^12-1)/C$20),NA()) | K55: =IF(C$14>=25,K54+H55,NA()) | L55: =IF(C$14>=25,J55/(1+C$15)^25,NA())
F56: =IF(C$14>=26,26,NA()) | G56: =IF(C$14>=26,J55,NA()) | H56: =IF(C$14>=26,C$12*12,NA()) | I56: =IF(C$14>=26,J56-G56-H56,NA()) | J56: =IF(C$14>=26,G56*(1+C$19)+IF(C$20=0,C$12*12,C$12*((1+C$20)^12-1)/C$20),NA()) | K56: =IF(C$14>=26,K55+H56,NA()) | L56: =IF(C$14>=26,J56/(1+C$15)^26,NA())
F57: =IF(C$14>=27,27,NA()) | G57: =IF(C$14>=27,J56,NA()) | H57: =IF(C$14>=27,C$12*12,NA()) | I57: =IF(C$14>=27,J57-G57-H57,NA()) | J57: =IF(C$14>=27,G57*(1+C$19)+IF(C$20=0,C$12*12,C$12*((1+C$20)^12-1)/C$20),NA()) | K57: =IF(C$14>=27,K56+H57,NA()) | L57: =IF(C$14>=27,J57/(1+C$15)^27,NA())
F58: =IF(C$14>=28,28,NA()) | G58: =IF(C$14>=28,J57,NA()) | H58: =IF(C$14>=28,C$12*12,NA()) | I58: =IF(C$14>=28,J58-G58-H58,NA()) | J58: =IF(C$14>=28,G58*(1+C$19)+IF(C$20=0,C$12*12,C$12*((1+C$20)^12-1)/C$20),NA()) | K58: =IF(C$14>=28,K57+H58,NA()) | L58: =IF(C$14>=28,J58/(1+C$15)^28,NA())
F59: =IF(C$14>=29,29,NA()) | G59: =IF(C$14>=29,J58,NA()) | H59: =IF(C$14>=29,C$12*12,NA()) | I59: =IF(C$14>=29,J59-G59-H59,NA()) | J59: =IF(C$14>=29,G59*(1+C$19)+IF(C$20=0,C$12*12,C$12*((1+C$20)^12-1)/C$20),NA()) | K59: =IF(C$14>=29,K58+H59,NA()) | L59: =IF(C$14>=29,J59/(1+C$15)^29,NA())
F60: =IF(C$14>=30,30,NA()) | G60: =IF(C$14>=30,J59,NA()) | H60: =IF(C$14>=30,C$12*12,NA()) | I60: =IF(C$14>=30,J60-G60-H60,NA()) | J60: =IF(C$14>=30,G60*(1+C$19)+IF(C$20=0,C$12*12,C$12*((1+C$20)^12-1)/C$20),NA()) | K60: =IF(C$14>=30,K59+H60,NA()) | L60: =IF(C$14>=30,J60/(1+C$15)^30,NA())
F61: =IF(C$14>=31,31,NA()) | G61: =IF(C$14>=31,J60,NA()) | H61: =IF(C$14>=31,C$12*12,NA()) | I61: =IF(C$14>=31,J61-G61-H61,NA()) | J61: =IF(C$14>=31,G61*(1+C$19)+IF(C$20=0,C$12*12,C$12*((1+C$20)^12-1)/C$20),NA()) | K61: =IF(C$14>=31,K60+H61,NA()) | L61: =IF(C$14>=31,J61/(1+C$15)^31,NA())
F62: =IF(C$14>=32,32,NA()) | G62: =IF(C$14>=32,J61,NA()) | H62: =IF(C$14>=32,C$12*12,NA()) | I62: =IF(C$14>=32,J62-G62-H62,NA()) | J62: =IF(C$14>=32,G62*(1+C$19)+IF(C$20=0,C$12*12,C$12*((1+C$20)^12-1)/C$20),NA()) | K62: =IF(C$14>=32,K61+H62,NA()) | L62: =IF(C$14>=32,J62/(1+C$15)^32,NA())
F63: =IF(C$14>=33,33,NA()) | G63: =IF(C$14>=33,J62,NA()) | H63: =IF(C$14>=33,C$12*12,NA()) | I63: =IF(C$14>=33,J63-G63-H63,NA()) | J63: =IF(C$14>=33,G63*(1+C$19)+IF(C$20=0,C$12*12,C$12*((1+C$20)^12-1)/C$20),NA()) | K63: =IF(C$14>=33,K62+H63,NA()) | L63: =IF(C$14>=33,J63/(1+C$15)^33,NA())
F64: =IF(C$14>=34,34,NA()) | G64: =IF(C$14>=34,J63,NA()) | H64: =IF(C$14>=34,C$12*12,NA()) | I64: =IF(C$14>=34,J64-G64-H64,NA()) | J64: =IF(C$14>=34,G64*(1+C$19)+IF(C$20=0,C$12*12,C$12*((1+C$20)^12-1)/C$20),NA()) | K64: =IF(C$14>=34,K63+H64,NA()) | L64: =IF(C$14>=34,J64/(1+C$15)^34,NA())
F65: =IF(C$14>=35,35,NA()) | G65: =IF(C$14>=35,J64,NA()) | H65: =IF(C$14>=35,C$12*12,NA()) | I65: =IF(C$14>=35,J65-G65-H65,NA()) | J65: =IF(C$14>=35,G65*(1+C$19)+IF(C$20=0,C$12*12,C$12*((1+C$20)^12-1)/C$20),NA()) | K65: =IF(C$14>=35,K64+H65,NA()) | L65: =IF(C$14>=35,J65/(1+C$15)^35,NA())
F66: =IF(C$14>=36,36,NA()) | G66: =IF(C$14>=36,J65,NA()) | H66: =IF(C$14>=36,C$12*12,NA()) | I66: =IF(C$14>=36,J66-G66-H66,NA()) | J66: =IF(C$14>=36,G66*(1+C$19)+IF(C$20=0,C$12*12,C$12*((1+C$20)^12-1)/C$20),NA()) | K66: =IF(C$14>=36,K65+H66,NA()) | L66: =IF(C$14>=36,J66/(1+C$15)^36,NA())
F67: =IF(C$14>=37,37,NA()) | G67: =IF(C$14>=37,J66,NA()) | H67: =IF(C$14>=37,C$12*12,NA()) | I67: =IF(C$14>=37,J67-G67-H67,NA()) | J67: =IF(C$14>=37,G67*(1+C$19)+IF(C$20=0,C$12*12,C$12*((1+C$20)^12-1)/C$20),NA()) | K67: =IF(C$14>=37,K66+H67,NA()) | L67: =IF(C$14>=37,J67/(1+C$15)^37,NA())
F68: =IF(C$14>=38,38,NA()) | G68: =IF(C$14>=38,J67,NA()) | H68: =IF(C$14>=38,C$12*12,NA()) | I68: =IF(C$14>=38,J68-G68-H68,NA()) | J68: =IF(C$14>=38,G68*(1+C$19)+IF(C$20=0,C$12*12,C$12*((1+C$20)^12-1)/C$20),NA()) | K68: =IF(C$14>=38,K67+H68,NA()) | L68: =IF(C$14>=38,J68/(1+C$15)^38,NA())
F69: =IF(C$14>=39,39,NA()) | G69: =IF(C$14>=39,J68,NA()) | H69: =IF(C$14>=39,C$12*12,NA()) | I69: =IF(C$14>=39,J69-G69-H69,NA()) | J69: =IF(C$14>=39,G69*(1+C$19)+IF(C$20=0,C$12*12,C$12*((1+C$20)^12-1)/C$20),NA()) | K69: =IF(C$14>=39,K68+H69,NA()) | L69: =IF(C$14>=39,J69/(1+C$15)^39,NA())
F70: =IF(C$14>=40,40,NA()) | G70: =IF(C$14>=40,J69,NA()) | H70: =IF(C$14>=40,C$12*12,NA()) | I70: =IF(C$14>=40,J70-G70-H70,NA()) | J70: =IF(C$14>=40,G70*(1+C$19)+IF(C$20=0,C$12*12,C$12*((1+C$20)^12-1)/C$20),NA()) | K70: =IF(C$14>=40,K69+H70,NA()) | L70: =IF(C$14>=40,J70/(1+C$15)^40,NA())
B72: Je maandelijkse inleg is gekoppeld aan je overschot in 'Cashflow Overzicht'; kies 'Nee' bij de koppeling hierboven om je eigen bedrag te gebruiken.
B73: De projectie rekent met maandelijkse bijstortingen en samengestelde groei op basis van het rendement ná kosten.
B74: Deze tool is uitsluitend bedoeld voor informatieve doeleinden en biedt geen financieel advies. Rendementen uit het verleden bieden geen garantie voor de toekomst.
